File_name,Nucleus_area,Nucleus_MFI,Foci_number,All_foci_IFI_photons,All_foci_MFI_px,All_foci_sigma_nm,Outliers_number,Outliers_MFI_px,Outliers_sigma_nm
C2_MP_U2OS_fixed_20nMJF549_ORC1_MGS1.nd2_(series_01),249.198,18.703,717,5415.022237656903,0.09711765089005434,103.63381205020922,17,0.33631987697039595,112.52645705882352
C2_MP_U2OS_fixed_20nMJF549_ORC1_MGS1.nd2_(series_02),249.445,13.178,679,3908.9860905301907,0.07313420671819697,102.2710119587629,10,0.2505254901960784,121.35883999999999
C2_MP_U2OS_fixed_20nMJF549_ORC1_MGS1.nd2_(series_03),280.68,9.722,686,2713.2743190816323,0.04948694398394273,99.54061055393586,12,0.18183442265795205,112.54467916666668
